sample,orig_name_1,orig_name_2,fastq_1,fastq_2,condition,cell_line,parental_line,trim_type,trim_args
Hcy_293T_Rep1,Hcy_1_293T_4_1.fq.gz,Hcy_1_293T_4_2.fq.gz,data/softlink_data/Hcy_1_293T_4/Hcy_1_293T_4_1.fq.gz,data/softlink_data/Hcy_1_293T_4/Hcy_1_293T_4_2.fq.gz,Hcy,293T,293T,paired,
Hcy_293T_Rep2,Hcy_2_293T_5_1.fq.gz,Hcy_2_293T_5_2.fq.gz,data/softlink_data/Hcy_2_293T_5/Hcy_2_293T_5_1.fq.gz,data/softlink_data/Hcy_2_293T_5/Hcy_2_293T_5_2.fq.gz,Hcy,293T,293T,paired,
Hcy_293T_Rep3,Hcy_3_293T_6_1.fq.gz,Hcy_3_293T_6_2.fq.gz,data/softlink_data/Hcy_3_293T_6/Hcy_3_293T_6_1.fq.gz,data/softlink_data/Hcy_3_293T_6/Hcy_3_293T_6_2.fq.gz,Hcy,293T,293T,paired,
Met_293T_Rep1,Met_1_293T_1_1.fq.gz,Met_1_293T_1_2.fq.gz,data/softlink_data/Met_1_293T_1/Met_1_293T_1_1.fq.gz,data/softlink_data/Met_1_293T_1/Met_1_293T_1_2.fq.gz,Met,293T,293T,paired,
Met_293T_Rep2,Met_2_293T_2_1.fq.gz,Met_2_293T_2_2.fq.gz,data/softlink_data/Met_2_293T_2/Met_2_293T_2_1.fq.gz,data/softlink_data/Met_2_293T_2/Met_2_293T_2_2.fq.gz,Met,293T,293T,paired,
Met_293T_Rep3,Met_3_293T_3_1.fq.gz,Met_3_293T_3_2.fq.gz,data/softlink_data/Met_3_293T_3/Met_3_293T_3_1.fq.gz,data/softlink_data/Met_3_293T_3/Met_3_293T_3_2.fq.gz,Met,293T,293T,paired,
Hcy_R1_Rep1,Hcy_1_R1_10_1.fq.gz,Hcy_1_R1_10_2.fq.gz,data/softlink_data/Hcy_1_R1_10/Hcy_1_R1_10_1.fq.gz,data/softlink_data/Hcy_1_R1_10/Hcy_1_R1_10_2.fq.gz,Hcy,R1,293T,paired,
Hcy_R1_Rep2,Hcy_2_R1_11_1.fq.gz,Hcy_2_R1_11_2.fq.gz,data/softlink_data/Hcy_2_R1_11/Hcy_2_R1_11_1.fq.gz,data/softlink_data/Hcy_2_R1_11/Hcy_2_R1_11_2.fq.gz,Hcy,R1,293T,paired,
Hcy_R1_Rep3,Hcy_3_R1_12_1.fq.gz,Hcy_3_R1_12_2.fq.gz,data/softlink_data/Hcy_3_R1_12/Hcy_3_R1_12_1.fq.gz,data/softlink_data/Hcy_3_R1_12/Hcy_3_R1_12_2.fq.gz,Hcy,R1,293T,paired,
Met_R1_Rep1,Met_1_R1_7_1.fq.gz,Met_1_R1_7_2.fq.gz,data/softlink_data/Met_1_R1_7/Met_1_R1_7_1.fq.gz,data/softlink_data/Met_1_R1_7/Met_1_R1_7_2.fq.gz,Met,R1,293T,paired,
Met_R1_Rep2,Met_2_R1_8_1.fq.gz,Met_2_R1_8_2.fq.gz,data/softlink_data/Met_2_R1_8/Met_2_R1_8_1.fq.gz,data/softlink_data/Met_2_R1_8/Met_2_R1_8_2.fq.gz,Met,R1,293T,paired,
Met_R1_Rep3,Met_3_R1_9_1.fq.gz,Met_3_R1_9_2.fq.gz,data/softlink_data/Met_3_R1_9/Met_3_R1_9_1.fq.gz,data/softlink_data/Met_3_R1_9/Met_3_R1_9_2.fq.gz,Met,R1,293T,paired,
Hcy_468_Rep1,4R044-L6-P19-GTGGCC-Sequences.txt.gz,4R044-L7-P19-GTGGCC-Sequences.txt.gz,data/softlink_data/Hcy_1_468_12hr_19/4R044-L6-P19-GTGGCC-Sequences.txt.gz,data/softlink_data/Hcy_1_468_12hr_19/4R044-L7-P19-GTGGCC-Sequences.txt.gz,Hcy,468,468,single,
Hcy_468_Rep2,4R044-L6-P20-GTTTCG-Sequences.txt.gz,4R044-L7-P20-GTTTCG-Sequences.txt.gz,data/softlink_data/Hcy_2_468_12hr_20/4R044-L6-P20-GTTTCG-Sequences.txt.gz,data/softlink_data/Hcy_2_468_12hr_20/4R044-L7-P20-GTTTCG-Sequences.txt.gz,Hcy,468,468,single,
Hcy_468_Rep3,4R044-L6-P21-CGTACG-Sequences.txt.gz,4R044-L7-P21-CGTACG-Sequences.txt.gz,data/softlink_data/Hcy_3_468_12hr_21/4R044-L6-P21-CGTACG-Sequences.txt.gz,data/softlink_data/Hcy_3_468_12hr_21/4R044-L7-P21-CGTACG-Sequences.txt.gz,Hcy,468,468,single,
Met_468_Rep1,4R044-L6-P01-ATCACG-Sequences.txt.gz,4R044-L7-P01-ATCACG-Sequences.txt.gz,data/softlink_data/Met_1_468_0hr_01/4R044-L6-P01-ATCACG-Sequences.txt.gz,data/softlink_data/Met_1_468_0hr_01/4R044-L7-P01-ATCACG-Sequences.txt.gz,Met,468,468,single,
Met_468_Rep2,4R044-L6-P02-CGATGT-Sequences.txt.gz,4R044-L7-P02-CGATGT-Sequences.txt.gz,data/softlink_data/Met_2_468_0hr_02/4R044-L6-P02-CGATGT-Sequences.txt.gz,data/softlink_data/Met_2_468_0hr_02/4R044-L7-P02-CGATGT-Sequences.txt.gz,Met,468,468,single,
Met_468_Rep3,4R044-L6-P03-TTAGGC-Sequences.txt.gz,4R044-L7-P03-TTAGGC-Sequences.txt.gz,data/softlink_data/Met_3_468_0hr_03/4R044-L6-P03-TTAGGC-Sequences.txt.gz,data/softlink_data/Met_3_468_0hr_03/4R044-L7-P03-TTAGGC-Sequences.txt.gz,Met,468,468,single,--quality 20 --clip_R1 5 --length 20 --trim-n
Hcy_R8_Rep1,4R044-L6-P22-GAGTGG-Sequences.txt.gz,4R044-L7-P22-GAGTGG-Sequences.txt.gz,data/softlink_data/Hcy_1_R8_12hr_22/4R044-L6-P22-GAGTGG-Sequences.txt.gz,data/softlink_data/Hcy_1_R8_12hr_22/4R044-L7-P22-GAGTGG-Sequences.txt.gz,Hcy,R8,468,single,
Hcy_R8_Rep2,4R044-L6-P23-ACTGAT-Sequences.txt.gz,4R044-L7-P23-ACTGAT-Sequences.txt.gz,data/softlink_data/Hcy_2_R8_12hr_23/4R044-L6-P23-ACTGAT-Sequences.txt.gz,data/softlink_data/Hcy_2_R8_12hr_23/4R044-L7-P23-ACTGAT-Sequences.txt.gz,Hcy,R8,468,single,
Hcy_R8_Rep3,4R044-L6-P24-ATTCCT-Sequences.txt.gz,4R044-L7-P24-ATTCCT-Sequences.txt.gz,data/softlink_data/Hcy_3_R8_12hr_24/4R044-L6-P24-ATTCCT-Sequences.txt.gz,data/softlink_data/Hcy_3_R8_12hr_24/4R044-L7-P24-ATTCCT-Sequences.txt.gz,Hcy,R8,468,single,
Met_R8_Rep1,4R044-L6-P04-TGACCA-Sequences.txt.gz,4R044-L7-P04-TGACCA-Sequences.txt.gz,data/softlink_data/Met_1_R8_0hr_04/4R044-L6-P04-TGACCA-Sequences.txt.gz,data/softlink_data/Met_1_R8_0hr_04/4R044-L7-P04-TGACCA-Sequences.txt.gz,Met,R8,468,single,
Met_R8_Rep2,4R044-L6-P05-ACAGTG-Sequences.txt.gz,4R044-L7-P05-ACAGTG-Sequences.txt.gz,data/softlink_data/Met_2_R8_0hr_05/4R044-L6-P05-ACAGTG-Sequences.txt.gz,data/softlink_data/Met_2_R8_0hr_05/4R044-L7-P05-ACAGTG-Sequences.txt.gz,Met,R8,468,single,
Met_R8_Rep3,4R044-L6-P06-GCCAAT-Sequences.txt.gz,4R044-L7-P06-GCCAAT-Sequences.txt.gz,data/softlink_data/Met_3_R8_0hr_06/4R044-L6-P06-GCCAAT-Sequences.txt.gz,data/softlink_data/Met_3_R8_0hr_06/4R044-L7-P06-GCCAAT-Sequences.txt.gz,Met,R8,468,single,